{"cameraMode":{"drawMode":0,"name":"Shaded","section":"Shading Mode"},"sceneLighting":false,"audioPlay":false,"sceneViewState":{"showFog":true,"showMaterialUpdate":false,"showSkybox":true,"showFlares":true,"showImageEffects":true,"showParticleSystems":true},"in2DMode":false,"pivot":{"x":0.491824209690094,"y":1.037435531616211,"z":-0.23603463172912599},"rotation":{"x":-0.0010537535417824984,"y":-0.9964196681976318,"z":0.012559019960463047,"w":-0.08360038697719574},"size":1.1485702991485596,"orthographic":false}