{"cameraMode":{"drawMode":0,"name":"Shaded","section":"Shading Mode"},"sceneLighting":true,"audioPlay":false,"sceneViewState":{"showFog":true,"showMaterialUpdate":false,"showSkybox":true,"showFlares":true,"showImageEffects":true,"showParticleSystems":true},"in2DMode":false,"pivot":{"x":-51.18286895751953,"y":7.005133152008057,"z":86.7934341430664},"rotation":{"x":0.012161169201135636,"y":-0.262371301651001,"z":0.003306846832856536,"w":0.9648846983909607},"size":168.26763916015626,"orthographic":false}