{"cameraMode":{"drawMode":0,"name":"Shaded","section":"Shading Mode"},"sceneLighting":true,"audioPlay":false,"sceneViewState":{"showFog":true,"showMaterialUpdate":false,"showSkybox":true,"showFlares":true,"showImageEffects":true,"showParticleSystems":true},"in2DMode":false,"pivot":{"x":104.35198211669922,"y":100.59833526611328,"z":65.76171875},"rotation":{"x":-0.2671133875846863,"y":0.245217964053154,"z":0.07048625499010086,"w":0.9292755722999573},"size":168.26763916015626,"orthographic":false}